{
    "object": "List",
    "data": [
      {
        "index": 0,
        "embedding": [
          -0.01431289,
          0.053455457,
          -0.15048301,
          -0.05633733,
          0.06707386,
          0.0077889655,
          0.029383747,
          0.015315204,
          0.031460397,
          -0.023617823,
          -0.014574725,
          -0.0047188587,
          0.08392558,
          -8.412524E-4,
          0.014080687,
          -0.030010603,
          0.01342431,
          -0.057747994,
          -0.029500378,
          0.011221942,
          -0.01750851,
          -0.04820098,
          -0.06349934,
          -0.005159538,
          0.059534024,
          0.021988414,
          0.02551463,
          -0.027293209,
          -0.06545978,
          0.024858322,
          0.022309193,
          0.0082799755,
          0.05338503,
          -0.012898649,
          0.049522497,
          -0.029350316,
          0.048126947,
          0.0016624267,
          -0.05208057,
          -0.03686188,
          -0.03639999,
          0.007055962,
          0.031554308,
          -0.011588967,
          0.029033277,
          0.01526189,
          0.05125102,
          0.039872833,
          -0.00880486,
          0.011799231,
          -0.005314369,
          -0.0027276275,
          -0.022375945,
          0.044089343,
          0.039693844,
          0.017956177,
          0.0045146653,
          0.043564968,
          -0.025269987,
          -0.0016181507,
          0.09981339,
          0.092157826,
          -0.016846042,
          0.052263934,
          0.023041207,
          -0.045510318,
          -0.012127002,
          0.046931382,
          -0.019782474,
          -0.010279446,
          8.0007204E-4,
          -0.02478682,
          0.012643989,
          0.009210947,
          0.0060925023,
          0.031932574,
          -0.0151341725,
          -0.05880533,
          -0.017008407,
          0.025711177,
          -0.004846303,
          -0.04268642,
          0.026407665,
          0.003593919,
          -0.022060018,
          0.016797962,
          0.016824,
          0.021020196,
          0.006465171,
          0.04226333,
          -0.040738683,
          0.009480029,
          -0.0335192,
          0.030296879,
          -0.036731273,
          0.038080044,
          -0.051017843,
          -0.044910617,
          0.004693023,
          -0.07213712,
          -0.055358063,
          -0.01936604,
          0.083147556,
          -0.029370029,
          0.061288077,
          0.07285715,
          0.01159738,
          -0.008499467,
          0.075279355,
          -0.019166512,
          -0.003231159,
          0.032904077,
          -0.0089324685,
          -0.0057459725,
          2.390909E-5,
          -0.033374894,
          0.06540004,
          -0.059288237,
          0.048430666,
          0.031730436,
          -0.044849735,
          -0.06654956,
          0.0153227905,
          0.08077627,
          0.018250436,
          0.0012163356,
          -0.0681129,
          0.019355714,
          -0.019674992,
          0.018373111,
          -0.010824716,
          -0.06528286,
          -0.010751111,
          -0.07101834,
          0.03551215,
          -0.018459614,
          0.00752828,
          -0.017101897,
          -0.036684167,
          0.05791615,
          0.014728432,
          0.013710747,
          0.008736451,
          0.01863004,
          -0.016915534,
          0.054217666,
          -4.1436017E-4,
          -0.026624404,
          0.012890085,
          -0.0176421,
          0.06007949,
          0.045880646,
          0.029466853,
          -0.010090402,
          0.020774424,
          -0.034251384,
          -5.580461E-4,
          -0.028504202,
          0.053696375,
          0.01306753,
          0.05791264,
          -0.02076351,
          -0.016281849,
          0.036240887,
          -0.026911886,
          -0.044152476,
          0.03649301,
          0.032279838,
          -0.021069782,
          0.042396557,
          -0.0049440465,
          -0.02011669,
          0.018202392,
          -0.011195304,
          0.0590757,
          0.0030199513,
          0.023064906,
          -0.004146101,
          0.024430694,
          -0.05486108,
          -0.0021277799,
          -0.04562471,
          0.0117470315,
          0.06702604,
          -0.0117241265,
          0.045791343,
          -0.0184292,
          0.0154523915,
          0.00921325,
          -0.107681364,
          -7.49934E-6,
          0.018134953,
          0.014264068,
          -0.06632225,
          -0.034993943,
          0.013655712,
          0.015155671,
          -0.0011578022,
          0.026934257,
          -0.08497776,
          -0.03261613,
          0.031167658,
          -0.039769333,
          -0.008987136,
          -0.031074435,
          0.10383907,
          -0.017935766,
          0.0313184,
          -0.02332059,
          0.03452385,
          0.070470326,
          0.0059838146,
          -0.0024722663,
          0.035994865,
          -0.0033559054,
          -0.020215994,
          -0.01064366,
          -0.045392007,
          -0.036626972,
          0.032110814,
          0.03458157,
          -0.013168016,
          0.028909238,
          -0.064534985,
          0.017652174,
          -0.0129811065,
          -0.053261794,
          0.043875095,
          -0.0065173153,
          0.026797099,
          -0.013298848,
          -0.07063471,
          -0.010768625,
          0.0093977945,
          0.0013340213,
          -0.014256905,
          0.009581258,
          0.026539318,
          0.026757518,
          -0.017800972,
          0.006143932,
          0.0065691764,
          -6.646335E-4,
          0.0224849,
          -0.09260348,
          0.0268489,
          0.01998173,
          0.003920941,
          0.015869506,
          0.05714216,
          0.021527294,
          -0.0020245567,
          -0.019177314,
          0.028613737,
          0.031889714,
          0.05010591,
          0.0021989872,
          -0.01992268,
          -0.004468406,
          -0.026289273,
          0.05739697,
          -0.008228817,
          0.06977687,
          -0.06033442,
          -0.051044323,
          -0.00676066,
          -0.0374503,
          0.056017768,
          0.018102517,
          -0.037155315,
          -0.0061938814,
          0.08640869,
          -6.304229E-4,
          -0.008040853,
          -0.0055993665,
          -0.023364073,
          0.043954745,
          0.0065826788,
          0.020736983,
          0.0027827118,
          -0.023484007,
          -0.06893627,
          -0.04452154,
          0.036501106,
          -0.028133716,
          0.059675932,
          0.018534716,
          0.021471277,
          0.026565233,
          -0.00621413,
          0.02059945,
          -0.066201836,
          0.003971438,
          0.0526387,
          -0.027338326,
          0.013173314,
          0.072957575,
          -0.0048814146,
          -0.03610273,
          -0.015291642,
          -0.005298969,
          0.034948103,
          0.037178587,
          -0.026610658,
          -0.0014686899,
          0.008777816,
          0.025752107,
          0.0253145,
          0.018786792,
          0.005173393,
          -0.08698731,
          -0.015568497,
          -0.01123863,
          -0.02351855,
          -0.028818056,
          0.08846567,
          -0.0012346843,
          0.015132179,
          0.03157512,
          -0.0010662408,
          -0.0026223864,
          -0.011710846,
          -0.04233116,
          -0.03439636,
          0.012620657,
          0.038999688,
          -0.043086924,
          0.027624123,
          -0.02550877,
          -0.040790968,
          0.011397618,
          0.018150637,
          -0.036977116,
          -0.06821819,
          -0.007143499,
          -0.007476635,
          -0.06270284,
          -2.6698629E-6,
          8.068578E-4,
